"Gene","Coef","SE","CI_lower","CI_upper","Pval","I2","Q_Pval","Type","group","Outcome"
"ADO_Sidders",-1.12620460930828,1.35619677414765,-3.78430144258709,1.53189222397052,0.406304827315489,0.589096338138262,0.0451428752376122,"Cont","Kidney","R/NR"
"APM_Thompson",0.323220088350702,0.679468960901041,-1.00851460362819,1.6549547803296,0.634291577668385,0.482945661492986,0.101736535224449,"Cont","Kidney","R/NR"
"APM_Wang",0.363176091714785,1.02303915654182,-1.64194380988142,2.36829599331099,0.722591648125872,0.619110356702266,0.0327731750440703,"Cont","Kidney","R/NR"
"Bcell_Budczies",-0.293221002788112,0.451657814551676,-1.17845405264547,0.592012047069243,0.516202315524402,0,0.763418483504621,"Cont","Kidney","R/NR"
"Bcell_Helmink",-1.80848832011349,0.799690931356263,-3.37585374433506,-0.241122895891921,0.02372929665583,0,0.877333220481261,"Cont","Kidney","R/NR"
"Blood_Friedlander",0.212278405272442,0.790168881483234,-1.33642414413899,1.76098095468388,0.788199484423215,0,0.430086262417881,"Cont","Kidney","R/NR"
"C-ECM_Chakravarthy",-0.792652292962525,1.06597415496326,-2.88192324514104,1.29661865921599,0.457121959821138,0.441182031582892,0.127772228343203,"Cont","Kidney","R/NR"
"CCL5-CXCL9_Dangaj",-0.545718809911632,0.442528415596333,-1.41305856661602,0.321620946792753,0.21750725132309,0,0.623575385881328,"Cont","Kidney","R/NR"
"CD39-CD8Tcell_Chow",-0.568712137275171,0.466598752775686,-1.48322888794682,0.345804613396481,0.222902555874608,0.0543225171040717,0.375801802366335,"Cont","Kidney","R/NR"
"CD8_Sade-Feldman",-1.76888461651363,0.733787996813015,-3.20708266255493,-0.330686570472324,0.0159253959921688,0,0.462295300251375,"Cont","Kidney","R/NR"
"Chemokine_Messina",-0.45079140087387,0.412118943847211,-1.25852968816109,0.356946886413348,0.274025992606762,0,0.780012437044065,"Cont","Kidney","R/NR"
"COX-IS_Bonavita",-0.0788680884406089,0.222258118163211,-0.51448599531215,0.356749818430932,0.722702658410081,0,0.652125003343856,"Cont","Kidney","R/NR"
"CYT_Davoli",-0.543893228820938,0.389007553558781,-1.30633402351019,0.218547565868309,0.162066238962189,0,0.764416168341006,"Cont","Kidney","R/NR"
"CYT_Rooney",0.0818029229651141,0.563111414909975,-1.02187516954183,1.18548101547206,0.884498081715893,0.518035767242769,0.0812073210719931,"Cont","Kidney","R/NR"
"EMT_Thompson",0.791521887067923,1.23417412056224,-1.62741493988546,3.2104587140213,0.521303565924485,0.556683740653404,0.060529535391953,"Cont","Kidney","R/NR"
"EMTstroma_Wang",-0.537606901146454,0.837305669405094,-2.17869585723164,1.10348205493873,0.520829245683005,0.545825202281131,0.0661039236391355,"Cont","Kidney","R/NR"
"IFN_Ayers",-0.135222455335149,0.244238553536393,-0.613921223902637,0.343476313232339,0.579819016283669,0,0.511631997447103,"Cont","Kidney","R/NR"
"ImmuneCells_Xiong",0.175180740014435,1.97882206186044,-3.70323923304532,4.05360071307419,0.92945719939529,0.558559904721077,0.103797537664514,"Cont","Kidney","R/NR"
"ImmuneScore_Roh",-0.12219971258535,0.48599577579863,-1.07473392978927,0.830334504618568,0.801472458442334,0.140106286454306,0.324932471057317,"Cont","Kidney","R/NR"
"ImmunoScore_Hao",-0.377251388771012,0.564033823078076,-1.48273736806648,0.728234590524454,0.503594146972144,0,0.80413740101312,"Cont","Kidney","R/NR"
"IMPRES_Auslander",1.66061039725541,0.949572234296085,-0.200516982684151,3.52173777719496,0.0803258747142568,0,0.462397577521049,"Cont","Kidney","R/NR"
"IMS_Cui",-0.937479377920288,0.954619669258943,-2.80849954860135,0.933540792760779,0.326077728502271,0.62134635507034,0.0319301751653953,"Cont","Kidney","R/NR"
"Inflammatory_Thompson",-0.379714748795214,0.445841015114424,-1.25354708125026,0.494117583659835,0.394390636906527,0,0.857753914755379,"Cont","Kidney","R/NR"
"IPRES_Hugo",-0.882470039066494,1.91893510866136,-4.64351374071222,2.87857366257923,0.645606036937517,0.554132327338811,0.0618215786204716,"Cont","Kidney","R/NR"
"IPS_Charoentong",-0.126842403501176,0.194966510221129,-0.508969741726049,0.255284934723696,0.515314030146404,0.14302597364742,0.323135894463504,"Cont","Kidney","R/NR"
"IPSOV_Shen",-1.2452621244893,2.11541447881485,-5.39139831534097,2.90087406636238,0.556088666188929,0.0932075534117777,0.353212836772673,"Cont","Kidney","R/NR"
"IRG_Ayers",-0.210689256874427,0.288703341002084,-0.776537407454898,0.355158893706044,0.465526084570492,0.0851753379380075,0.357943989398515,"Cont","Kidney","R/NR"
"IRG_Yang",-0.553190817740548,1.27860800756174,-3.05921646290607,1.95283482742498,0.665268455017899,0.46384838886361,0.154873895055798,"Cont","Kidney","R/NR"
"KDM5A_Wang",-1.06990253354572,0.499508613836897,-2.04892142663357,-0.0908836404578786,0.0322007188110354,0,0.793374309597428,"Cont","Kidney","R/NR"
"M1_Hwang",-0.492762979507363,0.682752289882464,-1.83093287803924,0.845406919024516,0.470460341326694,0,0.711167050093914,"Cont","Kidney","R/NR"
"Macrophage_Danaher",-0.434974975291809,0.395557324023505,-1.21025308419892,0.340303133615301,0.27148424675247,0,0.448552670420037,"Cont","Kidney","R/NR"
"MHC-I_Liu",0.542506984192009,0.728817902296224,-0.885949855596623,1.97096382398064,0.45665531686667,0.295566183244099,0.224494049785405,"Cont","Kidney","R/NR"
"MHC-II_Liu",0.493347614353739,0.745795486775043,-0.968384679557864,1.95507990826534,0.508288362278744,0,0.440624667377449,"Cont","Kidney","R/NR"
"MPS_Guijarro",0.678284465277997,1.02485027572628,-1.33038516469145,2.68695409524745,0.508075294637372,0,0.803923345886446,"Cont","Kidney","R/NR"
"Myeloid-DC_Helmink",0.254830372115985,0.500017436152543,-0.725185794385054,1.23484653861702,0.610301612716351,0,0.531961877134002,"Cont","Kidney","R/NR"
"NonResponse_Chen",-0.80715161618624,0.550319030895364,-1.88575709674814,0.271453864375659,0.14245832895887,0,0.61525299738206,"Cont","Kidney","R/NR"
"PassON_Du",0.100306272302511,1.23186604730224,-2.31410681418759,2.51471935879261,0.935102948394874,0.300654237301034,0.221087600784361,"Cont","Kidney","R/NR"
"PDL1_Nishino",-0.0458045277745277,0.376512336416676,-0.783755146886241,0.692146091337186,0.903172422591696,0,0.594578476829421,"Cont","Kidney","R/NR"
"peri-Tcell_Hwang",-0.272031051935955,0.705882406517326,-1.65553514603038,1.11147304215847,0.699957902452128,0,0.844016806107514,"Cont","Kidney","R/NR"
"proliferation_Pabla",-0.387836706338521,0.25556161664453,-0.888728270792631,0.113054858115589,0.129118823260469,0,0.45930831836318,"Cont","Kidney","R/NR"
"PTEN-MITF_Cabrita",-0.000833950005934619,0.64281200675852,-1.26072233208255,1.25905443207068,0.998964867425367,0.0461568984543479,0.380443443676793,"Cont","Kidney","R/NR"
"Response_Chen",-0.513335883880386,0.54120477402415,-1.57407774922886,0.547405981468086,0.342872005803071,0,0.854519173856351,"Cont","Kidney","R/NR"
"SpatialSignature_Marret",5.31830820336685,6.07445779596724,-6.58741030233748,17.2240267090712,0.38129113012457,0.603908901030507,0.0387977232752758,"Cont","Kidney","R/NR"
"STAT1_Care",-0.345870024746025,0.457581252682469,-1.24271280000439,0.550972750512335,0.449729654016043,0,0.500912268323353,"Cont","Kidney","R/NR"
"Tcell-exclusion_Arnon",0.515359113799117,0.774764235325115,-1.00315088394782,2.03386911154606,0.505934182556915,0.17583302072872,0.302674551518943,"Cont","Kidney","R/NR"
"Teff-IFNG_Fehrenbacher",-0.267430400835015,0.395925506085144,-1.04343013332269,0.508569331652662,0.499385868953048,0,0.846065447647876,"Cont","Kidney","R/NR"
"Teff_McDermott",-0.383908363357855,0.397735768642452,-1.16345614526042,0.395639418544706,0.334427272813645,0,0.700673868283146,"Cont","Kidney","R/NR"
"TGFB_Mariathasan",-0.139550601936349,0.443044362348444,-1.00790159569281,0.728800391820114,0.75277600173651,0.288704331268232,0.229081707920891,"Cont","Kidney","R/NR"
"TIS_Damotte",-0.296077510961482,0.455432747652392,-1.18870929374029,0.596554271817325,0.515626662422764,0,0.733843029030701,"Cont","Kidney","R/NR"
"TLS_Cabrita",-0.0497816009594104,0.46077693915288,-0.952887806605659,0.853324604686838,0.913965235637513,0,0.589996873175135,"Cont","Kidney","R/NR"
"TUMOR-VASCULATURE-UP_Lu",-0.244829365584065,0.845915318462077,-1.90279292374047,1.41313419257234,0.772255872457465,0.252554840916342,0.253088561490979,"Cont","Kidney","R/NR"
"VIGex_Hernando-Calvo",-0.414146319241978,0.439616559612909,-1.27577894309069,0.447486304606729,0.346160590919245,0,0.916406898601158,"Cont","Kidney","R/NR"
"ADO_Sidders",-0.53859996661186,0.481523917163068,-1.48236950194612,0.405169568722401,0.263339797343648,0.349754483388131,0.161193484584787,"Cont","Lung","R/NR"
"APM_Thompson",-1.0609549994608,0.235621124561191,-1.52276391759756,-0.599146081324045,6.70637219438007e-06,0,0.848973904042469,"Cont","Lung","R/NR"
"APM_Wang",-0.927218176145099,0.233309796662273,-1.38449697484352,-0.469939377446681,7.06182641982823e-05,0,0.786141183183032,"Cont","Lung","R/NR"
"Bcell_Budczies",-0.548209712482497,0.230004475968923,-0.999010201664594,-0.0974092233004009,0.0171500910096801,0.226602253945608,0.263565080447536,"Cont","Lung","R/NR"
"Bcell_Helmink",-0.756342173860094,0.399035079555914,-1.53843655835776,0.0257522106375733,0.0580357515973172,0,0.624696570135851,"Cont","Lung","R/NR"
"Blood_Friedlander",-1.43640041782099,0.334789593281104,-2.09257596305077,-0.780224872591218,1.78305656673337e-05,0,0.619715489825645,"Cont","Lung","R/NR"
"C-ECM_Chakravarthy",-0.298927789772632,0.549457353368725,-1.37584441341603,0.777988833870767,0.586412680987488,0.363202087590267,0.151191811012233,"Cont","Lung","R/NR"
"CCL5-CXCL9_Dangaj",-1.07681205705535,0.256703444843957,-1.57994156365687,-0.573682550453829,2.73147916791444e-05,0.109465100769821,0.345542803989285,"Cont","Lung","R/NR"
"CD39-CD8Tcell_Chow",-1.06409368616267,0.253664964038734,-1.56126787981824,-0.566919492507102,2.73017978640735e-05,0.104480460505692,0.348892669266095,"Cont","Lung","R/NR"
"CD8_Sade-Feldman",-0.483102520262129,0.32605277636476,-1.12215421899635,0.155949178472092,0.138428202379595,0,0.971305463801454,"Cont","Lung","R/NR"
"Chemokine_Messina",-1.47401753981752,0.277699052972286,-2.01829768218408,-0.929737397450958,1.108544191875e-07,0,0.869063161030409,"Cont","Lung","R/NR"
"COX-IS_Bonavita",0.296234592919971,0.123289454785553,0.0545917018667079,0.537877483973234,0.0162719989377713,0,0.419852142354995,"Cont","Lung","R/NR"
"CYT_Davoli",-0.905539645502653,0.22372970035013,-1.34404180046085,-0.46703749054446,5.17738246385854e-05,0.130941680258934,0.330963200871876,"Cont","Lung","R/NR"
"CYT_Rooney",-0.849537881366742,0.184319045418765,-1.21079657205232,-0.488279190681161,4.04489990525559e-06,0,0.647552504660634,"Cont","Lung","R/NR"
"EMT_Thompson",0.174500660069966,0.388852465178039,-0.587636166978607,0.936637487118539,0.65360622942067,0.302388273840703,0.19730622165459,"Cont","Lung","R/NR"
"EMTstroma_Wang",-0.293735589367905,0.276812724917193,-0.836278560667996,0.248807381932186,0.288628687624604,0.17232050568873,0.298416517174828,"Cont","Lung","R/NR"
"IFN_Ayers",-0.658405544805055,0.127685802203962,-0.908665118461925,-0.408145971148184,2.51674699106964e-07,0.010794369532856,0.415895900113551,"Cont","Lung","R/NR"
"ImmuneCells_Xiong",-2.67974150304111,1.05876755240954,-4.75488777376344,-0.604595232318785,0.011373759503752,0.500971932834218,0.0746852649166683,"Cont","Lung","R/NR"
"ImmuneScore_Roh",-1.24451533477106,0.283683878552569,-1.80052551972872,-0.688505149813387,1.14935664110379e-05,0,0.449748496041643,"Cont","Lung","R/NR"
"ImmunoScore_Hao",-1.39951610472703,0.372171677224634,-2.12895918815317,-0.670073021300877,0.00016963872837034,0.149080143247672,0.318472890382826,"Cont","Lung","R/NR"
"IMPRES_Auslander",1.04889081872319,0.596580265428048,-0.120385015403134,2.2181666528495,0.0787182193032824,0.342761282006123,0.179229660236607,"Cont","Lung","R/NR"
"IMS_Cui",-0.648464945784289,0.354518394601957,-1.34330823106108,0.0463783394925065,0.067378143989769,0.363606941155099,0.164307424413767,"Cont","Lung","R/NR"
"Inflammatory_Thompson",-1.19680418984689,0.253437266479392,-1.69353210448678,-0.700076275207004,2.33204192507616e-06,0,0.465719998905941,"Cont","Lung","R/NR"
"IPRES_Hugo",-1.10486179792433,0.812227429699425,-2.69679830739074,0.487074711542079,0.173739360390939,0.354743644466302,0.157466752451529,"Cont","Lung","R/NR"
"IPS_Charoentong",0.00736294384091782,0.131365529487745,-0.250108762765097,0.264834650446933,0.955302546061141,0.336391154417714,0.171259180837282,"Cont","Lung","R/NR"
"IPSOV_Shen",-2.79711156245031,0.935309247386863,-4.63028400173582,-0.963939123164792,0.00278453608097372,0,0.543111352906362,"Cont","Lung","R/NR"
"IRG_Ayers",-0.546104972546038,0.14350348182356,-0.827366628576313,-0.264843316515763,0.000141508162780512,0,0.488818618942698,"Cont","Lung","R/NR"
"IRG_Yang",-0.806100475077267,0.619595513460358,-2.02048536644217,0.408284416287637,0.193254746713624,0.283396814524945,0.242025290261677,"Cont","Lung","R/NR"
"KDM5A_Wang",-0.012134752587588,0.29799301881824,-0.596190337115706,0.57192083194053,0.967517841372441,0,0.416464241701919,"Cont","Lung","R/NR"
"M1_Hwang",-1.69375572829943,0.456658734217513,-2.58879040059141,-0.798721056007459,0.00020806416421731,0,0.628683316902566,"Cont","Lung","R/NR"
"Macrophage_Danaher",-0.495366384382133,0.312583360817239,-1.10801851375041,0.117285744986143,0.113023216996789,0.351733761651341,0.172785405894428,"Cont","Lung","R/NR"
"MHC-I_Liu",-1.62667707583452,0.383324403936378,-2.37797910194511,-0.875375049723937,2.19958101763038e-05,0,0.727632910760124,"Cont","Lung","R/NR"
"MHC-II_Liu",-1.25289247389126,0.392053260642587,-2.02130274477223,-0.484482203010295,0.00139482365802642,0,0.877316188230864,"Cont","Lung","R/NR"
"MPS_Guijarro",0.332772364403731,1.00235621537343,-1.63180971740806,2.29735444621552,0.739896716271637,0,0.39785276073052,"Cont","Lung","R/NR"
"NonResponse_Chen",-0.419860602573276,0.222200461658154,-0.85536550477143,0.0156442996248792,0.0588171333729525,0,0.42346099125575,"Cont","Lung","R/NR"
"PassON_Du",-1.85422303613983,0.66856628467487,-3.16458887538033,-0.543857196899337,0.0055468454992393,0,0.720327964588301,"Cont","Lung","R/NR"
"PDL1_Nishino",-1.2352724248287,0.221511046452158,-1.66942609805271,-0.801118751604688,2.4530361239041e-08,0.0461052446597329,0.387104243094082,"Cont","Lung","R/NR"
"peri-Tcell_Hwang",-1.89815610463133,0.417253858805604,-2.71595864030067,-1.08035356896198,5.38595357838304e-06,0,0.906041339650768,"Cont","Lung","R/NR"
"proliferation_Pabla",-0.189323402828683,0.115300243237136,-0.415307726982178,0.0366609213248125,0.100589278953382,0.143550560921927,0.320323389703796,"Cont","Lung","R/NR"
"PTEN-MITF_Cabrita",-0.0726961288600584,0.256937203443046,-0.57628379389687,0.430891536176753,0.777227854001927,0,0.497115453738283,"Cont","Lung","R/NR"
"Response_Chen",-0.970213791182703,0.253382295485256,-1.46683396465389,-0.473593617711515,0.000128638227161248,0,0.552085153902803,"Cont","Lung","R/NR"
"SpatialSignature_Marret",-1.08585627502969,0.879732960013853,-2.81010119266965,0.63838864261028,0.217090338868247,0.172684839214959,0.298137082751824,"Cont","Lung","R/NR"
"STAT1_Care",-1.24131984183448,0.288919687719706,-1.80759202418966,-0.675047659479297,1.73579877960441e-05,0.101303730990705,0.351020684079748,"Cont","Lung","R/NR"
"Tcell-exclusion_Arnon",-0.756710821237096,0.321921077400915,-1.38766453880722,-0.125757103666972,0.0187426797934007,0,0.662359070366658,"Cont","Lung","R/NR"
"Teff-IFNG_Fehrenbacher",-1.17678750904569,0.262913520835149,-1.69208854093121,-0.661486477160183,7.60726461472468e-06,0.120617651003524,0.338001007142031,"Cont","Lung","R/NR"
"Teff_McDermott",-1.24153033526877,0.259691354348507,-1.75051603688828,-0.73254463364927,1.74605992289515e-06,0.142730309551607,0.322863149223363,"Cont","Lung","R/NR"
"TGFB_Mariathasan",0.103517216934004,0.167553395937246,-0.224881404590377,0.431915838458386,0.536696446137578,0.200450613452561,0.276719138879249,"Cont","Lung","R/NR"
"TIS_Damotte",-1.27963469992208,0.256762513654854,-1.78287997926557,-0.776389420578594,6.23705258370201e-07,0.0118091741052584,0.408631679906031,"Cont","Lung","R/NR"
"TLS_Cabrita",-0.386051118680121,0.420494220953026,-1.21020464745528,0.438102410095038,0.358572273414175,0.119543315286575,0.332982470593879,"Cont","Lung","R/NR"
"TUMOR-VASCULATURE-UP_Lu",-0.950907501115834,0.457574907057795,-1.84773783917837,-0.0540771630532932,0.0376959062443498,0.319704391366675,0.183975083194628,"Cont","Lung","R/NR"
"VIGex_Hernando-Calvo",-1.22478219930996,0.219169647027151,-1.65434681398753,-0.795217584632386,2.29324582165088e-08,0,0.618017815669429,"Cont","Lung","R/NR"
"Myeloid-DC_Helmink",-0.432014473005999,0.20897713082935,-0.841602123024039,-0.0224268229879595,0.0387076740566818,0,0.518377123744661,"Cont","Lung","R/NR"
"ADO_Sidders",-0.176734761916112,0.190828284754858,-0.550751327267187,0.197281803434964,0.354370358098238,0.223565320238273,0.265753624538021,"Cont","Lung","PFS"
"APM_Thompson",-0.401527905542889,0.10306491850578,-0.603531433883774,-0.199524377202004,9.7845369227221e-05,0,0.774429573996372,"Cont","Lung","PFS"
"APM_Wang",-0.362907379695047,0.103594448375772,-0.565948767509854,-0.15986599188024,0.000459782332827291,0,0.576708075258531,"Cont","Lung","PFS"
"Bcell_Budczies",-0.331705181791462,0.0839890935375551,-0.496320780219236,-0.167089583363688,7.83525715339142e-05,0,0.77721085374662,"Cont","Lung","PFS"
"Bcell_Helmink",-0.566009120489237,0.182475589870522,-0.923654704693162,-0.208363536285312,0.0019232530521878,0,0.823996986632214,"Cont","Lung","PFS"
"Blood_Friedlander",-0.552587658526845,0.138341115020013,-0.823731261547183,-0.281444055506507,6.48624258983196e-05,0,0.998204690106646,"Cont","Lung","PFS"
"C-ECM_Chakravarthy",-0.13488605561624,0.253989271898077,-0.632695880996021,0.362923769763541,0.595370346016183,0.325886198454577,0.191418594804262,"Cont","Lung","PFS"
"CCL5-CXCL9_Dangaj",-0.457449763090687,0.0829116985042809,-0.619953706056121,-0.294945820125253,3.44222728129926e-08,0.16224760957252,0.31120755108286,"Cont","Lung","PFS"
"CD39-CD8Tcell_Chow",-0.477937128700854,0.0870542070893471,-0.648560239298665,-0.307314018103042,4.0168465374016e-08,0.203671826959188,0.28494010544215,"Cont","Lung","PFS"
"CD8_Sade-Feldman",-0.446030415254204,0.147552574993362,-0.735228148067339,-0.156832682441069,0.00250400082955827,0,0.972572561911985,"Cont","Lung","PFS"
"Chemokine_Messina",-0.528303599922377,0.100609531833393,-0.725494658817264,-0.331112541027491,1.51251612317587e-07,0,0.563449467145248,"Cont","Lung","PFS"
"COX-IS_Bonavita",0.143296017300812,0.0410916636449836,0.0627578364918103,0.223834198109814,0.000488054323088945,0,0.872042942032454,"Cont","Lung","PFS"
"CYT_Davoli",-0.380042089676569,0.0852706849497096,-0.547169561115061,-0.212914618238076,8.31571245156127e-06,0.323953755699935,0.205451910824105,"Cont","Lung","PFS"
"CYT_Rooney",-0.330680437762695,0.0923086240125984,-0.511602016289836,-0.149758859235553,0.000340536378541118,0.121319684429587,0.336393200499909,"Cont","Lung","PFS"
"EMT_Thompson",-0.0406493408011964,0.172515544013949,-0.378773593841871,0.297474912239479,0.813722027146107,0.171218462773647,0.303025651043055,"Cont","Lung","PFS"
"EMTstroma_Wang",-0.118047602803214,0.130372937614652,-0.37357386508662,0.137478659480192,0.365221243222432,0.125961588665096,0.334364730840563,"Cont","Lung","PFS"
"IFN_Ayers",-0.246411928443596,0.0512111259946294,-0.346783891000812,-0.14603996588638,1.4966132941122e-06,0,0.755681539127051,"Cont","Lung","PFS"
"ImmuneCells_Xiong",-0.81641230314715,0.46529536759228,-1.72837446580134,0.0955498595070446,0.0793258933019764,0.455778764259142,0.118510703238706,"Cont","Lung","PFS"
"ImmuneScore_Roh",-0.551083713017682,0.0953437661112794,-0.7379540607462,-0.364213365289164,7.47157859144547e-09,0.174401686362891,0.303577451438677,"Cont","Lung","PFS"
"ImmunoScore_Hao",-0.587680835122943,0.128382397381937,-0.839305710240449,-0.336055960005438,4.70383461489357e-06,0.256693670361986,0.250356396079756,"Cont","Lung","PFS"
"IMPRES_Auslander",0.632646113873489,0.234775089477148,0.172495394031111,1.09279683371587,0.00704541203090323,0.146069442076476,0.321258806083726,"Cont","Lung","PFS"
"IMS_Cui",-0.188529141528979,0.16454084162098,-0.511023265092008,0.133964982034051,0.251882328991114,0.382438182713975,0.166239991506094,"Cont","Lung","PFS"
"Inflammatory_Thompson",-0.496939027285287,0.0856539664229715,-0.664817716607314,-0.32906033796326,6.56440590388269e-09,0.00199662420851875,0.404923915871165,"Cont","Lung","PFS"
"IPRES_Hugo",-0.284872641772882,0.37374937220306,-1.01740795053533,0.447662666989571,0.445939256583217,0.333217867131485,0.1861132772342,"Cont","Lung","PFS"
"IPS_Charoentong",-0.0397232405777499,0.0440657426173781,-0.126090509059823,0.0466440279043229,0.367346973493338,0.055129195973213,0.38132406864047,"Cont","Lung","PFS"
"IPSOV_Shen",-1.23126138792549,0.365842937044479,-1.94830036853102,-0.514222407319958,0.000763922114973265,0,0.787588340326577,"Cont","Lung","PFS"
"IRG_Ayers",-0.250968508907986,0.056116650067425,-0.360955121973177,-0.140981895842796,7.73955688224055e-06,0,0.73423153923597,"Cont","Lung","PFS"
"IRG_Yang",-0.169009243332629,0.300197617839884,-0.75738576254352,0.419367275878262,0.573439455768795,0,0.759264182520467,"Cont","Lung","PFS"
"KDM5A_Wang",-0.157574281984376,0.132071859985848,-0.416430370927855,0.101281806959102,0.232832151125381,0,0.457424225822391,"Cont","Lung","PFS"
"M1_Hwang",-0.846233491809051,0.18673620674593,-1.2122297316407,-0.480237251977403,5.8509385910547e-06,0,0.759364697774793,"Cont","Lung","PFS"
"Macrophage_Danaher",-0.215738066568363,0.158121376030851,-0.525650268774745,0.0941741356380192,0.172447156577569,0.411343162564843,0.147118897181938,"Cont","Lung","PFS"
"MHC-I_Liu",-0.763813817630736,0.158230587267248,-1.07394006992716,-0.453687565334308,1.38452314076808e-06,0,0.510512680253642,"Cont","Lung","PFS"
"MHC-II_Liu",-0.750334307699408,0.159760054956382,-1.06345826158206,-0.43721035381676,2.64485354409061e-06,0,0.858054708868897,"Cont","Lung","PFS"
"MPS_Guijarro",0.261904494418847,0.408104965271793,-0.537966539425836,1.06177552826353,0.521030533631857,0,0.81910254521237,"Cont","Lung","PFS"
"Myeloid-DC_Helmink",-0.33094496325465,0.0839031423474726,-0.495392100445434,-0.166497826063866,8.00103387463691e-05,0,0.57651674579664,"Cont","Lung","PFS"
"NonResponse_Chen",0.0572273435561574,0.114862784769026,-0.16789957775511,0.282354264867424,0.618326490496292,0,0.637498212989476,"Cont","Lung","PFS"
"PassON_Du",-1.12282217978272,0.273221662570503,-1.65832679821706,-0.587317561348377,3.96405139724519e-05,0,0.641677843530382,"Cont","Lung","PFS"
"PDL1_Nishino",-0.407038777489048,0.104193682207852,-0.61125464203305,-0.202822912945045,9.36197528027476e-05,0.500077358236606,0.0915328582549378,"Cont","Lung","PFS"
"peri-Tcell_Hwang",-0.827279299202333,0.164495809916918,-1.14968516224724,-0.504873436157427,4.92577729647806e-07,0,0.921868699242531,"Cont","Lung","PFS"
"proliferation_Pabla",0.030797563744972,0.0550595899857132,-0.077117249630568,0.138712377120512,0.575923099891281,0,0.545095046799569,"Cont","Lung","PFS"
"PTEN-MITF_Cabrita",-0.115322196316724,0.11221656418958,-0.335262620597128,0.10461822796368,0.30410256914141,0.00226108261227068,0.414498897939962,"Cont","Lung","PFS"
"Response_Chen",-0.514466907150533,0.101382719580513,-0.713173386183061,-0.315760428118005,3.88510254182283e-07,0.217905450052211,0.27575241856672,"Cont","Lung","PFS"
"SpatialSignature_Marret",-0.265782193316205,0.407070583023519,-1.06362587520802,0.532061488575614,0.513811547568127,0.283393814829277,0.222331545900506,"Cont","Lung","PFS"
"STAT1_Care",-0.497100652732417,0.0969558632619528,-0.687130652815835,-0.307070652649,2.94267510112309e-07,0.209510796890102,0.281180454324614,"Cont","Lung","PFS"
"Tcell-exclusion_Arnon",-0.193720676894898,0.177055336157685,-0.540742759034594,0.153301405244797,0.273900141371485,0,0.437212031758036,"Cont","Lung","PFS"
"Teff-IFNG_Fehrenbacher",-0.439207596779782,0.102032609123627,-0.639187835910744,-0.23922735764882,1.67302323593048e-05,0.315671194190069,0.21101538912833,"Cont","Lung","PFS"
"Teff_McDermott",-0.442351129076358,0.121640888573505,-0.680762889727878,-0.203939368424838,0.000276332047879991,0.384804555565302,0.164664490525076,"Cont","Lung","PFS"
"TGFB_Mariathasan",0.0509570251073792,0.084091784168003,-0.113859843257622,0.215773893472381,0.544535253855194,0.281169146126754,0.223952902562614,"Cont","Lung","PFS"
"TIS_Damotte",-0.49494970053529,0.0898720011727324,-0.671095586052387,-0.318803815018193,3.6443361268381e-08,0.114225909436571,0.340675270608631,"Cont","Lung","PFS"
"TLS_Cabrita",-0.183624440925538,0.199793951972596,-0.575213391120751,0.207964509269674,0.358059447901346,0.299778580723168,0.239759319223611,"Cont","Lung","PFS"
"TUMOR-VASCULATURE-UP_Lu",-0.208612201939504,0.208431281372082,-0.617130006680319,0.19990560280131,0.316890623852849,0.313993111021923,0.20004921480561,"Cont","Lung","PFS"
"VIGex_Hernando-Calvo",-0.466910205230639,0.0857433801346284,-0.634964142207238,-0.298856268254041,5.16782487702578e-08,0.0616291642312184,0.371618240780977,"Cont","Lung","PFS"
"ADO_Sidders",-0.0150741872666258,0.0854412348499014,-0.182535930367061,0.152387555833809,0.859958066645564,0.060857216056228,0.377630462285452,"Dicho","Lung","PFS"
"APM_Thompson",-0.318287626456533,0.0857163702218239,-0.48628862497681,-0.150286627936257,0.000204602176337854,0,0.726009890427427,"Dicho","Lung","PFS"
"APM_Wang",-0.275460928564055,0.0862054969966607,-0.444420597946885,-0.106501259181224,0.00139637817697865,0,0.69947143306327,"Dicho","Lung","PFS"
"Bcell_Budczies",-0.381977287059365,0.0902986841771061,-0.558959455897849,-0.20499511822088,2.33531992960759e-05,0,0.591022661199822,"Dicho","Lung","PFS"
"Bcell_Helmink",-0.330203886028786,0.0858053426394993,-0.498379267283323,-0.162028504774248,0.000118944948914836,0,0.583684888390055,"Dicho","Lung","PFS"
"Blood_Friedlander",-0.348115526762814,0.0861555615411482,-0.516977324451288,-0.179253729074339,5.3326858261466e-05,0,0.952521526070996,"Dicho","Lung","PFS"
"C-ECM_Chakravarthy",-0.116383842386123,0.0854831121088993,-0.283927663405965,0.0511599786337197,0.173360960177203,0,0.571861332572624,"Dicho","Lung","PFS"
"CCL5-CXCL9_Dangaj",-0.436440417197048,0.0907469899292664,-0.614301249163829,-0.258579585230267,1.51368619471869e-06,0.00983352703536391,0.400656385383201,"Dicho","Lung","PFS"
"CD39-CD8Tcell_Chow",-0.413247458365279,0.0908240908706977,-0.591259405400439,-0.235235511330118,5.36519653561895e-06,0.273521888080591,0.239201187187991,"Dicho","Lung","PFS"
"CD8_Sade-Feldman",-0.317002970810807,0.0853227055921854,-0.484232400835004,-0.149773540786609,0.000202929608564938,0,0.794813949453428,"Dicho","Lung","PFS"
"Chemokine_Messina",-0.421155839411754,0.099973294514717,-0.617099896076415,-0.225211782747093,2.52354651770934e-05,0,0.676835893790274,"Dicho","Lung","PFS"
"COX-IS_Bonavita",0.332974538456326,0.0898245160268834,0.156921722114894,0.509027354797759,0.000209774496985661,0,0.554683754039272,"Dicho","Lung","PFS"
"CYT_Davoli",-0.410531140583171,0.0908407041739545,-0.588575649094379,-0.232486632071963,6.2061376377588e-06,0.31954737456665,0.208412226288118,"Dicho","Lung","PFS"
"CYT_Rooney",-0.397477957129776,0.0911101546133192,-0.576050578797757,-0.218905335461794,1.28520668214375e-05,0,0.499377389213598,"Dicho","Lung","PFS"
"EMT_Thompson",0.0913003439713302,0.145719987007565,-0.194305582391141,0.376906270333802,0.530956564405312,0.453631495906501,0.10317812668924,"Dicho","Lung","PFS"
"EMTstroma_Wang",-0.0761803480682217,0.0855241162913243,-0.243804535808833,0.0914438396723893,0.373064926386387,0.0141368694194754,0.407192941971229,"Dicho","Lung","PFS"
"IFN_Ayers",-0.447396793157088,0.0868402700794559,-0.617600594920553,-0.277192991393623,2.57790766279013e-07,0,0.498403326435189,"Dicho","Lung","PFS"
"ImmuneCells_Xiong",-0.20928870410924,0.188652382552217,-0.579040579509256,0.160463171290777,0.267262803175808,0.604667297113555,0.0384852483622432,"Dicho","Lung","PFS"
"ImmuneScore_Roh",-0.513568922176034,0.119766832801401,-0.748307601009211,-0.278830243342858,1.80229865308372e-05,0.319463016720659,0.208468889749753,"Dicho","Lung","PFS"
"ImmunoScore_Hao",-0.472735851074263,0.0910218386204683,-0.651135376576998,-0.294336325571528,2.06207254600234e-07,0,0.683282971400291,"Dicho","Lung","PFS"
"IMPRES_Auslander",0.373401744313676,0.0902358866831901,0.196542656301586,0.550260832325766,3.50250880129142e-05,0,0.416037036553793,"Dicho","Lung","PFS"
"IMS_Cui",-0.1884894515196,0.121030500932011,-0.425704874377183,0.0487259713379829,0.11938231109645,0.243962650004098,0.258744666552795,"Dicho","Lung","PFS"
"Inflammatory_Thompson",-0.483586630612583,0.091232149252775,-0.662398357380205,-0.304774903844961,1.15412326576107e-07,0,0.667433681573457,"Dicho","Lung","PFS"
"IPRES_Hugo",-0.11696984415109,0.0854729178496013,-0.28449368478986,0.0505539964876789,0.171155050824569,0,0.465996394857549,"Dicho","Lung","PFS"
"IPS_Charoentong",0.00790537236678349,0.085474618682322,-0.159621801842862,0.175432546576429,0.926310363689973,0,0.561344503481046,"Dicho","Lung","PFS"
"IPSOV_Shen",-0.313914604546389,0.0858785625807294,-0.482233494248688,-0.14559571484409,0.000256849987132134,0,0.698635054394515,"Dicho","Lung","PFS"
"IRG_Ayers",-0.437949022938772,0.0906427677677573,-0.615605583222604,-0.26029246265494,1.35444467667691e-06,0,0.421315870639777,"Dicho","Lung","PFS"
"IRG_Yang",-0.197168741004278,0.17764015446865,-0.545337045970963,0.150999563962407,0.267027725655552,0,0.985424696650416,"Dicho","Lung","PFS"
"KDM5A_Wang",-0.0845751241985359,0.101938868782016,-0.284371635636043,0.115221387238971,0.406728145217372,0,0.520777640394212,"Dicho","Lung","PFS"
"M1_Hwang",-0.436175899956894,0.0901171281079777,-0.612802225438712,-0.259549574475075,1.29773896417307e-06,0,0.818278992606414,"Dicho","Lung","PFS"
"Macrophage_Danaher",-0.187501916136178,0.179413090130953,-0.539145111147885,0.164141278875529,0.295983719991803,0.438743646837999,0.129333798774353,"Dicho","Lung","PFS"
"MHC-I_Liu",-0.332451875355437,0.110799907683963,-0.549615703906368,-0.115288046804505,0.00269562696257382,0,0.422880333741051,"Dicho","Lung","PFS"
"MHC-II_Liu",-0.37688595001557,0.0907666466173173,-0.554785308382986,-0.198986591648153,3.29220076439565e-05,0,0.674350150610283,"Dicho","Lung","PFS"
"MPS_Guijarro",-0.167407079347145,0.292165125312438,-0.740040202498155,0.405226043803867,0.56665289199132,0.484281026684587,0.143841893160225,"Dicho","Lung","PFS"
"Myeloid-DC_Helmink",-0.374028038891149,0.0916221039643623,-0.553604062849084,-0.194452014933215,4.45940177939133e-05,0,0.880350589626751,"Dicho","Lung","PFS"
"NonResponse_Chen",0.121623570982858,0.0854735732670574,-0.0459015542505199,0.289148696216236,0.154754211995537,0,0.673424385388224,"Dicho","Lung","PFS"
"PassON_Du",-0.367621654437283,0.0899718246520713,-0.543963190378695,-0.19128011849587,4.38941467846333e-05,0.0186252107696412,0.395829384094239,"Dicho","Lung","PFS"
"PDL1_Nishino",-0.370297620091355,0.118089358047158,-0.601748508821239,-0.138846731361471,0.00171420625780906,0.259103111423943,0.248763670524802,"Dicho","Lung","PFS"
"peri-Tcell_Hwang",-0.357754793175106,0.0856934736187625,-0.525710915178014,-0.189798671172198,2.98222281149988e-05,0,0.718880084519319,"Dicho","Lung","PFS"
"proliferation_Pabla",0.0261830188458455,0.121059474650243,-0.211089191455971,0.263455229147662,0.82876772293881,0.223935915877553,0.265486683969074,"Dicho","Lung","PFS"
"PTEN-MITF_Cabrita",-0.0133298615717552,0.0852608205439348,-0.1804379991302,0.15377827598669,0.87576331933108,0,0.433839103604776,"Dicho","Lung","PFS"
"Response_Chen",-0.443308219459809,0.0906281146122623,-0.620936060086612,-0.265680378833007,1.00065922745507e-06,0.194216227577202,0.29099980538029,"Dicho","Lung","PFS"
"SpatialSignature_Marret",-0.148414519856839,0.151625213231417,-0.445594476938621,0.148765437224944,0.32766655098679,0.514692110451134,0.0670979074964357,"Dicho","Lung","PFS"
"STAT1_Care",-0.426999164376221,0.0905671323126037,-0.604507481891998,-0.249490846860444,2.42036871774193e-06,0,0.592677893008188,"Dicho","Lung","PFS"
"Tcell-exclusion_Arnon",-0.0710741577327148,0.107260104853289,-0.281300100223151,0.139151784757722,0.507565195745738,0,0.49714861878262,"Dicho","Lung","PFS"
"Teff-IFNG_Fehrenbacher",-0.453445479577746,0.0910892654548515,-0.631977159247463,-0.274913799908029,6.42333051382758e-07,0,0.584708619795841,"Dicho","Lung","PFS"
"Teff_McDermott",-0.427335666597949,0.0950277651432975,-0.613586663810142,-0.241084669385755,6.89332873912686e-06,0.0756196713130021,0.363528597605585,"Dicho","Lung","PFS"
"TGFB_Mariathasan",0.0309671788729853,0.0854522327547882,-0.136516119724933,0.198450477470904,0.717059349996966,0,0.499014131138595,"Dicho","Lung","PFS"
"TIS_Damotte",-0.426054161273009,0.0908204152358634,-0.604058904196274,-0.248049418349744,2.71644888195106e-06,0.166281693045975,0.30868240253553,"Dicho","Lung","PFS"
"TLS_Cabrita",-0.0380133604048794,0.178182833063438,-0.387245295872531,0.311218575062772,0.831062499242049,0,0.383164217701652,"Dicho","Lung","PFS"
"TUMOR-VASCULATURE-UP_Lu",-0.147986656348137,0.0998202019175175,-0.343630657035987,0.0476573443397135,0.138198761520165,0.297732505560101,0.211882438538882,"Dicho","Lung","PFS"
"VIGex_Hernando-Calvo",-0.464979947678971,0.0907352987994806,-0.642817865452434,-0.287142029905509,2.98207818887553e-07,0,0.792073232308272,"Dicho","Lung","PFS"
"ADO_Sidders",-1.36955346914254,0.516702490013154,-2.38227174029049,-0.356835197994596,0.00803572937544167,0.158787317104995,0.308762009003052,"Cont","Melanoma","R/NR"
"APM_Thompson",-2.01440267985702,0.424020802553465,-2.84546818155758,-1.18333717815646,2.02697010902316e-06,0,0.440144604034697,"Cont","Melanoma","R/NR"
"APM_Wang",-1.49873841839543,0.56810898525768,-2.61221156879408,-0.385265267996782,0.0083367619838443,0.60308015839427,0.019370433387481,"Cont","Melanoma","R/NR"
"Bcell_Budczies",-0.810380838249516,0.294749000621903,-1.38807826394762,-0.232683412551412,0.00597057532386694,0,0.670219927073203,"Cont","Melanoma","R/NR"
"Bcell_Helmink",-1.54316865149425,0.598575062290303,-2.71635421562706,-0.369983087361436,0.00993537534582333,0,0.555866567437693,"Cont","Melanoma","R/NR"
"Blood_Friedlander",-1.44457821738851,0.53353816589259,-2.49029380691555,-0.398862627861481,0.00677830246697275,0.0638545138900165,0.378938267407911,"Cont","Melanoma","R/NR"
"C-ECM_Chakravarthy",0.312006547068278,0.526197229672151,-0.71932107185389,1.34333416599045,0.553217285921304,0,0.491292463863232,"Cont","Melanoma","R/NR"
"CCL5-CXCL9_Dangaj",-1.0245263623459,0.380326317889348,-1.76995224778175,-0.279100476910045,0.00706406858445676,0.457917361827584,0.0862846135574667,"Cont","Melanoma","R/NR"
"CD8_Sade-Feldman",-1.04650748318881,0.493151935753995,-2.01306751617285,-0.0799474502047722,0.0338310847184723,0,0.484207372972787,"Cont","Melanoma","R/NR"
"Chemokine_Messina",-1.32465486991879,0.556719486017051,-2.41580501200386,-0.233504727833719,0.0173411410567708,0.520950299077811,0.0637506252524594,"Cont","Melanoma","R/NR"
"CYT_Davoli",-1.20189512746823,0.446076312444174,-2.07618863421525,-0.327601620721213,0.0070521596710881,0.57021458087585,0.0300810364690503,"Cont","Melanoma","R/NR"
"CYT_Rooney",-1.11265249073473,0.444586626339266,-1.98402626636785,-0.2412787151016,0.0123261291743297,0.618122948450657,0.0153869762854628,"Cont","Melanoma","R/NR"
"EMT_Thompson",0.32109758097297,0.364750435826223,-0.393800136591715,1.03599529853766,0.378685272323987,0,0.730065875814734,"Cont","Melanoma","R/NR"
"EMTstroma_Wang",-0.154590067785512,0.335942220348628,-0.813024720555241,0.503844584984217,0.645395193358193,0.166600621297681,0.302797361314892,"Cont","Melanoma","R/NR"
"IFN_Ayers",-0.62519599597234,0.287326243669525,-1.18834508537779,-0.0620469065668913,0.0295620041620381,0.603663559408737,0.019205287502533,"Cont","Melanoma","R/NR"
"ImmuneScore_Roh",-1.36970959582274,0.450124123172058,-2.25193666581264,-0.487482525832834,0.00234263653446063,0.465917339534354,0.0814018752317249,"Cont","Melanoma","R/NR"
"ImmunoScore_Hao",-1.67311971609425,0.563933020987384,-2.77840812692239,-0.567831305266103,0.00300841620232108,0.466812351503915,0.0808627869607434,"Cont","Melanoma","R/NR"
"IMPRES_Auslander",1.4619851076812,1.00744999087323,-0.512580590655545,3.43655080601794,0.146731449462783,0.408969922589147,0.118404541428786,"Cont","Melanoma","R/NR"
"IMS_Cui",-0.343593047119341,0.324610199974506,-0.979817348083718,0.292631253845035,0.289837165752522,0.472374786710808,0.0775456183623946,"Cont","Melanoma","R/NR"
"Inflammatory_Thompson",-1.16054151036066,0.416794753994218,-1.97744421713456,-0.343638803586766,0.00536196354023393,0.495704611824454,0.0642882433819019,"Cont","Melanoma","R/NR"
"IPRES_Hugo",0.119420738114715,0.767804801738699,-1.38544902045005,1.62429049667948,0.87639933955145,0,0.483336797445791,"Cont","Melanoma","R/NR"
"IPS_Charoentong",-0.422142459318168,0.181898037770956,-0.778656062207749,-0.0656288564285869,0.0202995721050652,0.344797523090924,0.164913586484697,"Cont","Melanoma","R/NR"
"IPSOV_Shen",-3.56627251495161,1.27090047315686,-6.05719167027396,-1.07535335962926,0.00501452871543122,0.331923499412486,0.174649021914216,"Cont","Melanoma","R/NR"
"IRG_Ayers",-0.652322604499508,0.284481672666711,-1.20989643718797,-0.0947487718110418,0.0218467646077066,0.573399286803241,0.0289220030529233,"Cont","Melanoma","R/NR"
"IRG_Yang",-0.929282504095811,0.608476569197373,-2.12187466515916,0.263309656967534,0.126704305489462,0,0.842273850030456,"Cont","Melanoma","R/NR"
"KDM5A_Wang",-0.283976243219107,0.39148104388295,-1.05126498985983,0.48331250342162,0.468213105699203,0,0.836517466609526,"Cont","Melanoma","R/NR"
"M1_Hwang",-1.71847301036633,0.66461035220132,-3.0210853644334,-0.415860656299265,0.00971857064022676,0.254254579452364,0.234778562744076,"Cont","Melanoma","R/NR"
"Macrophage_Danaher",-0.493544071277518,0.301396814317795,-1.0842709723955,0.0971828298404675,0.101521337136777,0.272120481529515,0.220827196540516,"Cont","Melanoma","R/NR"
"MHC-I_Liu",-2.1268242196251,0.805100294183873,-3.70479180016809,-0.548856639082102,0.00824938786207114,0.55419573533803,0.0363016149962924,"Cont","Melanoma","R/NR"
"MHC-II_Liu",-1.88606131674725,0.567939969168226,-2.99920320169776,-0.772919431796734,0.000897336392727218,0.159794875623191,0.307994156963823,"Cont","Melanoma","R/NR"
"MPS_Guijarro",0.486173410022198,1.66315202766894,-2.77354466502369,3.74589148506809,0.770041596503598,0.323633951859035,0.205666794342224,"Cont","Melanoma","R/NR"
"Myeloid-DC_Helmink",-0.556892222096453,0.282877876061605,-1.11132267120038,-0.00246177299252248,0.0489913909271265,0,0.863415456406552,"Cont","Melanoma","R/NR"
"NonResponse_Chen",-0.401754800744368,0.324832508988663,-1.03841481936993,0.234905217881194,0.216159108743472,0.243933508485278,0.242843864938698,"Cont","Melanoma","R/NR"
"PassON_Du",-2.89764834437734,0.743752881097161,-4.35537720472568,-1.43991948402901,9.78013773571824e-05,0.112313412886537,0.343697130868542,"Cont","Melanoma","R/NR"
"PDL1_Nishino",-0.890410539428864,0.335315105948534,-1.54761607056022,-0.233205008297504,0.00792040456899973,0.339955290474542,0.168563358957658,"Cont","Melanoma","R/NR"
"peri-Tcell_Hwang",-1.68980561672534,0.681750351791572,-3.02601175268434,-0.353599480766351,0.0131888721872438,0.327302269459841,0.178167099432664,"Cont","Melanoma","R/NR"
"PTEN-MITF_Cabrita",-0.582021537634656,0.548898207798296,-1.6578422560979,0.493799180828586,0.288987618065979,0.403897110275187,0.121925736056385,"Cont","Melanoma","R/NR"
"Response_Chen",-1.21259634075461,0.412333445054435,-2.02075504268262,-0.40443763882659,0.00327350077469257,0.290124587382889,0.206810332454338,"Cont","Melanoma","R/NR"
"SpatialSignature_Marret",-1.58389920341646,0.797207795618821,-3.14639777102391,-0.0214006358089986,0.0469436252689882,0,0.771299913428842,"Cont","Melanoma","R/NR"
"STAT1_Care",-1.1616996247877,0.471381004143102,-2.0855894159045,-0.237809833670892,0.0137219882495909,0.595943583031697,0.0214608523855913,"Cont","Melanoma","R/NR"
"Tcell-exclusion_Arnon",-0.615007804028526,0.375254339101308,-1.35049279370947,0.120477185652419,0.101232162901409,0,0.899195743501877,"Cont","Melanoma","R/NR"
"Teff-IFNG_Fehrenbacher",-1.26258581169753,0.456885813579702,-2.15806555136103,-0.367106072034033,0.0057192047623005,0.569640830394223,0.0302925990040951,"Cont","Melanoma","R/NR"
"Teff_McDermott",-1.03884971794829,0.545463695543206,-2.10793891608709,0.0302394801905166,0.0568417310503969,0.634828625472634,0.0176874549932594,"Cont","Melanoma","R/NR"
"TGFB_Mariathasan",0.177357515403988,0.282097921215659,-0.37554425029232,0.730259281100297,0.529539553698959,0.357571343168408,0.155362776407266,"Cont","Melanoma","R/NR"
"TIS_Damotte",-1.27777268846774,0.507330207190144,-2.27212162282967,-0.283423754105816,0.0117815280111734,0.610614884512232,0.0173039560777707,"Cont","Melanoma","R/NR"
"TLS_Cabrita",-0.990205929288083,0.327008586817876,-1.63113098208646,-0.349280876489706,0.00246118484013957,0,0.748016801320561,"Cont","Melanoma","R/NR"
"TUMOR-VASCULATURE-UP_Lu",0.28724659934171,0.553963631507233,-0.798502167157485,1.3729953658409,0.604088739016733,0.30172338176254,0.197820333500332,"Cont","Melanoma","R/NR"
"VIGex_Hernando-Calvo",-1.15510056595414,0.455273628497571,-2.04742048092024,-0.26278065098803,0.0111756897710751,0.520139215297725,0.0516316507988161,"Cont","Melanoma","R/NR"
"CD39-CD8Tcell_Chow",-1.29650169130244,0.428500732248727,-2.13634769385898,-0.45665568874589,0.00248083128709578,0.518054753129436,0.065290247614759,"Cont","Melanoma","R/NR"
"COX-IS_Bonavita",0.575210375137401,0.302351853187034,-0.0173883677681278,1.16780911804293,0.057111877851032,0.531645965208863,0.0736676478638264,"Cont","Melanoma","R/NR"
"CRMA_Shukla",-0.14239766071086,0.515348603558449,-1.15246236316843,0.867667041746711,0.78230746026096,0.561172979462587,0.0772989307516144,"Cont","Melanoma","R/NR"
"ImmuneCells_Xiong",0.260304537730918,0.851183607456308,-1.40798467711432,1.92859375257616,0.759745665444913,0,0.470075286169173,"Cont","Melanoma","R/NR"
"proliferation_Pabla",-0.226870608402457,0.278564342852998,-0.772846687771401,0.319105470966488,0.415399787577815,0.572796346035665,0.039076349785815,"Cont","Melanoma","R/NR"
"ADO_Sidders",-0.714106739091597,0.297913656080945,-1.2980067755129,-0.130206702670293,0.0165287569252633,0.346929719280364,0.0434231051025269,"Cont","Pan","R/NR"
"APM_Thompson",-1.16780844599468,0.156212875551041,-1.47398005599615,-0.861636835993199,7.67646156579781e-14,0.340380799724329,0.0473043250512446,"Cont","Pan","R/NR"
"APM_Wang",-1.0406400286118,0.219322817520187,-1.47050485193922,-0.610775205284384,2.08725966616328e-06,0.410602988167968,0.0162065425940253,"Cont","Pan","R/NR"
"Bcell_Budczies",-0.537518058989702,0.130585140826852,-0.793460231926423,-0.281575886052981,3.85125312754072e-05,0,0.557517977329314,"Cont","Pan","R/NR"
"Bcell_Helmink",-0.874765289891589,0.264544454195885,-1.39326289242533,-0.356267687357848,0.000944068465212568,0.132799675005204,0.2711528691022,"Cont","Pan","R/NR"
"Blood_Friedlander",-0.843287194911861,0.292510504643208,-1.41659724911219,-0.269977140711537,0.00393995472344404,0.301678624228706,0.0746876567411289,"Cont","Pan","R/NR"
"C-ECM_Chakravarthy",0.307666592966108,0.28772367509988,-0.25626144772916,0.871594633661376,0.284928769363477,0.254432681137523,0.118307025179642,"Cont","Pan","R/NR"
"CCL5-CXCL9_Dangaj",-0.969222577324404,0.15397480046247,-1.27100764075759,-0.667437513891222,3.08028452596382e-10,0.334659872482191,0.0540135283976818,"Cont","Pan","R/NR"
"CD39-CD8Tcell_Chow",-1.04799171719176,0.167269237637664,-1.37583339868305,-0.720150035700466,3.72111704321169e-10,0.376730675466534,0.0332884830683331,"Cont","Pan","R/NR"
"CD8_Sade-Feldman",-0.43828433324499,0.286681502364805,-1.00016975291384,0.123601086423862,0.126309143099286,0.302593487986289,0.0739521168966753,"Cont","Pan","R/NR"
"Chemokine_Messina",-1.12045090419394,0.201787562603034,-1.515947259424,-0.724954548963867,2.81409436324734e-08,0.343284333181424,0.0551777967640754,"Cont","Pan","R/NR"
"COX-IS_Bonavita",0.397602644717303,0.107030362366105,0.187826989227466,0.60737830020714,0.000203317484469456,0.358401625120281,0.0458942136829417,"Cont","Pan","R/NR"
"CRMA_Shukla",0.0182331791714319,0.224563949872505,-0.421904074804736,0.4583704331476,0.935287905416722,0.172692144857584,0.293687407170152,"Cont","Pan","R/NR"
"CYT_Davoli",-0.915295448175834,0.162005739215474,-1.23282086232695,-0.597770034024718,1.60661021179743e-08,0.329081574886737,0.057747308894259,"Cont","Pan","R/NR"
"CYT_Rooney",-0.798266845632467,0.17593495719537,-1.14309302535699,-0.453440665907946,5.69833775235311e-06,0.43576803390239,0.0112320018894824,"Cont","Pan","R/NR"
"EMT_Thompson",0.0353017656415286,0.206166248392199,-0.36877665603492,0.439380187317977,0.864043228429749,0.161983741392809,0.230627589899769,"Cont","Pan","R/NR"
"EMTstroma_Wang",0.0607026991781021,0.17878769033839,-0.289714734764241,0.411120133120446,0.734215073366747,0.278196115840913,0.0950084036519076,"Cont","Pan","R/NR"
"IFN_Ayers",-0.57812761223412,0.107226456886618,-0.788287605921728,-0.367967618546511,6.98133353951963e-08,0.386401929083223,0.0244248598533825,"Cont","Pan","R/NR"
"ImmuneCells_Xiong",-0.764593912611185,0.481320267244816,-1.70796430144022,0.178776476217849,0.112165496756244,0.368010895902826,0.047218203769443,"Cont","Pan","R/NR"
"ImmuneScore_Roh",-1.08501048526941,0.202702037419035,-1.48229917820361,-0.687721792335217,8.66342192399231e-08,0.388158284574742,0.0258551920304537,"Cont","Pan","R/NR"
"ImmunoScore_Hao",-1.27452294426987,0.231856499176077,-1.72895333223652,-0.820092556303219,3.86233339034202e-08,0.376689515435883,0.0307638820549,"Cont","Pan","R/NR"
"IMPRES_Auslander",0.986950986084171,0.377678661200216,0.246714412402442,1.7271875597659,0.00896980237897889,0.310417491215684,0.0713655915923673,"Cont","Pan","R/NR"
"IMS_Cui",-0.255145574495007,0.201816295107789,-0.65069824439958,0.140407095409565,0.206141512588473,0.462304157095578,0.00643175900122605,"Cont","Pan","R/NR"
"Inflammatory_Thompson",-1.01953077241693,0.166570260632572,-1.34600248415222,-0.693059060681635,9.31504981336413e-10,0.315575159176152,0.0674290614867452,"Cont","Pan","R/NR"
"IPRES_Hugo",0.177634788104943,0.451591783492517,-0.7074688432546,1.06273841946449,0.694059096531044,0.296443481626418,0.0789783149448938,"Cont","Pan","R/NR"
"IPS_Charoentong",-0.200013290885339,0.0819300731506499,-0.360593283511345,-0.0394332982593334,0.0146357764823895,0.272431343106243,0.100413739616662,"Cont","Pan","R/NR"
"IPSOV_Shen",-2.10585737444193,0.668687020467303,-3.41645985148724,-0.79525489739662,0.00163694473737021,0.332563620613158,0.0522198674420732,"Cont","Pan","R/NR"
"IRG_Ayers",-0.527591197543725,0.105022761701682,-0.733432028035954,-0.321750367051496,5.0714688798909e-07,0.366225967076023,0.0357636344928544,"Cont","Pan","R/NR"
"IRG_Yang",-0.664877811496211,0.279895157442087,-1.21346223952987,-0.116293383462553,0.0175274210270289,0,0.825180754548358,"Cont","Pan","R/NR"
"KDM5A_Wang",-0.0390185946935698,0.187520524377934,-0.406552068836386,0.328514879449247,0.83516931787375,0.139581337083885,0.264561991974762,"Cont","Pan","R/NR"
"M1_Hwang",-1.41906200804861,0.271938554422196,-1.95205178072399,-0.886072235373217,1.80554722288875e-07,0.194359134411056,0.191811442780738,"Cont","Pan","R/NR"
"Macrophage_Danaher",-0.460190321267148,0.141706366182144,-0.737929695364196,-0.1824509471701,0.00116426848370864,0.12232030588271,0.288638143784739,"Cont","Pan","R/NR"
"MHC-I_Liu",-1.49327869547683,0.309025882151719,-2.09895829478492,-0.88759909616874,1.3502409615581e-06,0.371630258631838,0.030678146300901,"Cont","Pan","R/NR"
"MHC-II_Liu",-1.16836926113338,0.245093916210004,-1.64874450973487,-0.687994012531899,1.86964470764885e-06,0.276188755569923,0.100787134332541,"Cont","Pan","R/NR"
"MPS_Guijarro",-0.00258733215970803,0.399545286288944,-0.785681703478784,0.780507039159367,0.994833181552647,0,0.459843142912564,"Cont","Pan","R/NR"
"Myeloid-DC_Helmink",-0.222088281936442,0.139711242297806,-0.49591728507549,0.0517407212026061,0.111919683852127,0.0806637929896184,0.356993007795742,"Cont","Pan","R/NR"
"NonResponse_Chen",-0.541771537609772,0.150100972130893,-0.835964037030772,-0.247579038188771,0.000306929001241747,0,0.534605135063655,"Cont","Pan","R/NR"
"PassON_Du",-2.07147047269879,0.408362875653655,-2.87184700160317,-1.27109394379442,3.92371592719592e-07,0.283981820617036,0.0935932998540704,"Cont","Pan","R/NR"
"PDL1_Nishino",-0.920498015035468,0.166129318979704,-1.24610549701185,-0.594890533059082,3.01003063070483e-08,0.367112691669257,0.035320189814213,"Cont","Pan","R/NR"
"peri-Tcell_Hwang",-1.70563663179967,0.260837919357875,-2.21686955954346,-1.19440370405587,6.19037889406335e-11,0.208957736425998,0.169795570016883,"Cont","Pan","R/NR"
"proliferation_Pabla",-0.235250354378739,0.0763655363325503,-0.384924055250622,-0.0855766535068549,0.00206595933814523,0.196449638615397,0.18918389700233,"Cont","Pan","R/NR"
"PTEN-MITF_Cabrita",-0.150383306228912,0.166940351177617,-0.47758038210351,0.176813769645686,0.367683716300764,0,0.560106676882737,"Cont","Pan","R/NR"
"Response_Chen",-0.882680584244298,0.162945003153154,-1.20204692188525,-0.563314246603351,6.05917420799603e-08,0.19734539332362,0.188062048509927,"Cont","Pan","R/NR"
"SpatialSignature_Marret",-1.1499197717793,0.514493116609107,-2.15830775062692,-0.141531792931688,0.0254138199456668,0.1513153561218,0.245251341558098,"Cont","Pan","R/NR"
"STAT1_Care",-1.11756591710816,0.199552122778069,-1.50868089079169,-0.726450943424631,2.13893557462338e-08,0.435540962647344,0.0112821719440129,"Cont","Pan","R/NR"
"Tcell-exclusion_Arnon",-0.511257817755599,0.201223710843653,-0.905649043844661,-0.116866591666538,0.0110617065453283,0,0.82419672773324,"Cont","Pan","R/NR"
"Teff-IFNG_Fehrenbacher",-1.04656703366894,0.169687752019374,-1.37914891624448,-0.713985151093404,6.93320582600966e-10,0.355632477202174,0.0413496741909954,"Cont","Pan","R/NR"
"Teff_McDermott",-1.01844267786425,0.179490795328484,-1.37023817226453,-0.666647183463972,1.39447098884995e-08,0.387581607512913,0.0284078214973205,"Cont","Pan","R/NR"
"TGFB_Mariathasan",0.193500741421449,0.108572492613009,-0.0192974338117894,0.406298916654687,0.0747123511767506,0.155591145715621,0.239361046393697,"Cont","Pan","R/NR"
"TIS_Damotte",-1.12110138409531,0.201760598660953,-1.51654489097002,-0.725657877220601,2.75092321388055e-08,0.428911067566766,0.0128219128279688,"Cont","Pan","R/NR"
"TLS_Cabrita",-0.501452830570732,0.17208545790842,-0.838734130334318,-0.164171530807146,0.00356857763505278,0,0.54991383191656,"Cont","Pan","R/NR"
"TUMOR-VASCULATURE-UP_Lu",-0.110519561325822,0.271384497303088,-0.642423402002381,0.421384279350737,0.683829185664788,0.3416034202799,0.0465634191435896,"Cont","Pan","R/NR"
"VIGex_Hernando-Calvo",-1.03477979150148,0.153949357941055,-1.33651498850901,-0.733044594493947,1.79789613115413e-11,0.260895621501421,0.115719585361065,"Cont","Pan","R/NR"
"ADO_Sidders",-0.239001706156828,0.12548683651371,-0.484951386257565,0.00694797394390831,0.0568326284355477,0,0.52870855631687,"Cont","Pan","PFS"
"APM_Thompson",-0.465224179226898,0.087802133033767,-0.637313197738875,-0.29313516071492,1.16724551705654e-07,0.0697248354270939,0.376981809632653,"Cont","Pan","PFS"
"APM_Wang",-0.398536251946378,0.0874277377376546,-0.569891469161994,-0.227181034730762,5.15289353920264e-06,0.150544412284901,0.296640834130729,"Cont","Pan","PFS"
"Bcell_Budczies",-0.329512730492465,0.0714169904464058,-0.469487459651662,-0.189538001333269,3.9513258608342e-06,0,0.644308967723811,"Cont","Pan","PFS"
"Bcell_Helmink",-0.465347882691039,0.152282867787104,-0.763816819016237,-0.166878946365841,0.00224451609448426,0,0.682649058523406,"Cont","Pan","PFS"
"Blood_Friedlander",-0.509013337781228,0.120610766916599,-0.745406097085517,-0.27262057847694,2.43979953705029e-05,0,0.845850203607568,"Cont","Pan","PFS"
"C-ECM_Chakravarthy",-0.0188729549206722,0.167750124759333,-0.347657157851066,0.309911248009721,0.910421931963049,0,0.455832935558001,"Cont","Pan","PFS"
"CCL5-CXCL9_Dangaj",-0.481750373913872,0.0708713192890622,-0.620655607257273,-0.342845140570472,1.0642325206156e-11,0,0.539361746028588,"Cont","Pan","PFS"
"CD39-CD8Tcell_Chow",-0.482329428536278,0.0747872701494626,-0.628909784531292,-0.335749072541264,1.12329411101135e-10,0.0682750489877505,0.378712301868792,"Cont","Pan","PFS"
"CD8_Sade-Feldman",-0.283936607872053,0.133339674835541,-0.545277568259994,-0.0225956474841114,0.0332192560022774,0.0331655150454734,0.412213968951658,"Cont","Pan","PFS"
"Chemokine_Messina",-0.533000742505154,0.0862426655396435,-0.702033260893589,-0.36396822411672,6.40024797756124e-10,0.00387202501241065,0.430438416771674,"Cont","Pan","PFS"
"COX-IS_Bonavita",0.198586458792844,0.0489921275324833,0.102563653303184,0.294609264282505,5.04707885242487e-05,0.273169474275678,0.184301346917854,"Cont","Pan","PFS"
"CRMA_Shukla",0.159110460782563,0.27881024676129,-0.38734758139029,0.705568502955417,0.568218939234539,0.550658665468143,0.108015595542206,"Cont","Pan","PFS"
"CYT_Davoli",-0.408338068199992,0.0769192868720033,-0.559097100185623,-0.257579036214361,1.10436269439321e-07,0.303184122856187,0.157575236776978,"Cont","Pan","PFS"
"CYT_Rooney",-0.401085567049786,0.0952823505621038,-0.58783554251383,-0.214335591585743,2.56001686521071e-05,0.346535954293764,0.121397243843756,"Cont","Pan","PFS"
"EMT_Thompson",-0.0260078631131605,0.10919073549381,-0.240017772126467,0.188002045900146,0.811735708636067,0,0.554498554448041,"Cont","Pan","PFS"
"EMTstroma_Wang",-0.0194948601603032,0.100470830587265,-0.216414069608169,0.177424349287562,0.846148456781587,0.151509681780666,0.295671583565853,"Cont","Pan","PFS"
"IFN_Ayers",-0.259836038822857,0.0442190786903577,-0.3465038404855,-0.173168237160213,4.20026832685746e-09,0,0.485867991535499,"Cont","Pan","PFS"
"ImmuneCells_Xiong",-0.442408025922348,0.282021220267257,-0.995159460522209,0.110343408677514,0.11671675287647,0.308135713473714,0.162229632440881,"Cont","Pan","PFS"
"ImmuneScore_Roh",-0.555808188078261,0.0811547536297582,-0.714868582366809,-0.396747793789714,7.45008187554913e-12,0.143385333486695,0.307476601920374,"Cont","Pan","PFS"
"ImmunoScore_Hao",-0.591953029039839,0.0936364386986263,-0.775477076529739,-0.408428981549939,2.5849470967561e-10,0.11076094733442,0.338708713534926,"Cont","Pan","PFS"
"IMPRES_Auslander",0.625202757691486,0.197449345136684,0.238209152452566,1.01219636293041,0.00154340683009967,0.429538887057147,0.0634348286802959,"Cont","Pan","PFS"
"IMS_Cui",-0.0679008448822963,0.119121412805041,-0.301374523767705,0.165572834003112,0.568668362736258,0.316735153034424,0.145922221478896,"Cont","Pan","PFS"
"Inflammatory_Thompson",-0.497458994212845,0.0726295843964494,-0.639810363841998,-0.355107624583692,7.42323518780353e-12,0.203879467654717,0.249267779118283,"Cont","Pan","PFS"
"IPRES_Hugo",-0.026139176167253,0.255918880310807,-0.527730964540251,0.475452612205745,0.918646724813515,0.100970752433019,0.346210234019879,"Cont","Pan","PFS"
"IPS_Charoentong",-0.107134345910725,0.0449080366106431,-0.195152480283991,-0.0191162115374579,0.0170494961889031,0.219249821428317,0.228107066267771,"Cont","Pan","PFS"
"IPSOV_Shen",-1.19790094073371,0.311394323772668,-1.80822260031834,-0.587579281149076,0.00011962471596218,0,0.622837292032298,"Cont","Pan","PFS"
"IRG_Ayers",-0.272133222030119,0.0472843389486954,-0.364808823402346,-0.179457620657891,8.65133381679752e-09,0,0.518306532091154,"Cont","Pan","PFS"
"IRG_Yang",-0.0848009632682964,0.187151394444724,-0.451610956036405,0.282009029499812,0.650466476524162,0.118789292000603,0.338890538994726,"Cont","Pan","PFS"
"KDM5A_Wang",-0.207677817883827,0.109500242431479,-0.42229434934793,0.00693871358027642,0.0578811630246918,0.246271951716493,0.209103912142211,"Cont","Pan","PFS"
"M1_Hwang",-0.813117627877529,0.153930203864394,-1.11481528358465,-0.511419972170408,1.27517274323213e-07,0,0.77836977607774,"Cont","Pan","PFS"
"Macrophage_Danaher",-0.247996770717735,0.0919552980670501,-0.428225843116799,-0.0677676983186716,0.00699825082338813,0,0.54446028262472,"Cont","Pan","PFS"
"MHC-I_Liu",-0.806500820048097,0.133785944352778,-1.06871645261722,-0.544285187478973,1.65700845643057e-09,0.017012802410789,0.427454538088407,"Cont","Pan","PFS"
"MHC-II_Liu",-0.75429323591753,0.135061802339751,-1.01900950419051,-0.48957696764455,2.33968490587902e-08,0,0.867348083997108,"Cont","Pan","PFS"
"MPS_Guijarro",-0.161498675089928,0.408541144384032,-0.962224604285408,0.639227254105552,0.692617235427768,0.352888982253154,0.158849999602844,"Cont","Pan","PFS"
"Myeloid-DC_Helmink",-0.297156344561199,0.0720016814286661,-0.438277046987711,-0.156035642134687,3.67406479641024e-05,0,0.63425161471602,"Cont","Pan","PFS"
"NonResponse_Chen",0.0264705395207387,0.094931901315227,-0.159592568041017,0.212533647082494,0.780369813495473,0,0.726496088476534,"Cont","Pan","PFS"
"PassON_Du",-1.21039229938933,0.2221666058492,-1.64583084542126,-0.774953753357387,5.09024726487069e-08,0,0.969333327045411,"Cont","Pan","PFS"
"PDL1_Nishino",-0.416913068694328,0.0662243609350319,-0.546710431026172,-0.287115706362484,3.06482029195168e-10,0.335349054968647,0.130412107414728,"Cont","Pan","PFS"
"peri-Tcell_Hwang",-0.929930704384599,0.143221339637658,-1.21063937189199,-0.649222036877209,8.41649690403132e-11,0,0.458732730088898,"Cont","Pan","PFS"
"proliferation_Pabla",0.00761168586254655,0.0500594509117372,-0.0905030350103092,0.105726406735402,0.879145193932482,0,0.484239845462715,"Cont","Pan","PFS"
"PTEN-MITF_Cabrita",-0.188520075528558,0.09548423698743,-0.375665741115208,-0.00137440994190752,0.0483410402341348,0.196354110755995,0.25076310944572,"Cont","Pan","PFS"
"Response_Chen",-0.506417885587066,0.0872971675654164,-0.67751718996764,-0.335318581206491,6.58890059897153e-09,0,0.586753245617507,"Cont","Pan","PFS"
"SpatialSignature_Marret",-0.428716377066598,0.315721335071555,-1.04751882295775,0.190086068824552,0.174497049626998,0.177263669812869,0.269830509386657,"Cont","Pan","PFS"
"STAT1_Care",-0.538448928264308,0.0775328208830757,-0.690410464814932,-0.386487391713685,3.79031707406122e-12,0.223473304195794,0.23058137363924,"Cont","Pan","PFS"
"Tcell-exclusion_Arnon",-0.0838076850068478,0.119894527639437,-0.318796641123586,0.15118127110989,0.484544680331673,0,0.821260625306575,"Cont","Pan","PFS"
"Teff-IFNG_Fehrenbacher",-0.496883332900395,0.11462486258864,-0.721543935306981,-0.272222730493809,1.45849439797794e-05,0.448835092387719,0.0525924888899504,"Cont","Pan","PFS"
"Teff_McDermott",-0.484144817689972,0.103087886942617,-0.686193363339838,-0.282096272040106,2.64750761443064e-06,0.385183700734935,0.0922930453166363,"Cont","Pan","PFS"
"TGFB_Mariathasan",0.0820168087732047,0.0623656376908638,-0.040217594973762,0.204251212520172,0.188477597071483,0.0501825938707483,0.395933386575787,"Cont","Pan","PFS"
"TIS_Damotte",-0.514046121147916,0.0766979233641063,-0.664371288630577,-0.363720953665254,2.05280965715367e-11,0.161325893661954,0.290203400671121,"Cont","Pan","PFS"
"TLS_Cabrita",-0.27452674055671,0.12545297933007,-0.520410061796894,-0.0286434193165254,0.0286489256155504,0,0.742388270698162,"Cont","Pan","PFS"
"TUMOR-VASCULATURE-UP_Lu",-0.0143655209329218,0.161333064975707,-0.330572517800769,0.301841475934925,0.92904802824286,0.311830940746368,0.141709363209635,"Cont","Pan","PFS"
"VIGex_Hernando-Calvo",-0.47459722138056,0.073029888783326,-0.617733173190844,-0.331461269570275,8.1032645805178e-11,0.202495652764217,0.250593282563043,"Cont","Pan","PFS"
"ADO_Sidders",-0.0548220626791389,0.0725844984338902,-0.197085065445468,0.0874409400871899,0.450077337548137,0,0.477218053879443,"Dicho","Pan","PFS"
"APM_Thompson",-0.378976577731786,0.0744291765877149,-0.524855083242679,-0.233098072220893,3.5472798343242e-07,0.264918436971188,0.184135944556289,"Dicho","Pan","PFS"
"APM_Wang",-0.283468842469842,0.0732875796673626,-0.427109859131983,-0.139827825807702,0.000109777810770624,0.18031699959103,0.2667734860706,"Dicho","Pan","PFS"
"Bcell_Budczies",-0.34304071722837,0.0756334353600821,-0.49127952656117,-0.194801907895571,5.74482033473612e-06,0.207412718023755,0.245886405174522,"Dicho","Pan","PFS"
"Bcell_Helmink",-0.261079619529943,0.0728501030139164,-0.403863197707252,-0.118296041352634,0.000338641737478499,0,0.595050857031489,"Dicho","Pan","PFS"
"Blood_Friedlander",-0.293805478158217,0.0730381772478157,-0.436957675060389,-0.150653281256045,5.7552153302528e-05,0,0.706585454920243,"Dicho","Pan","PFS"
"C-ECM_Chakravarthy",-0.065540832662368,0.072731773388752,-0.208092489036051,0.0770108237113146,0.367518840498716,0,0.781884139482443,"Dicho","Pan","PFS"
"CCL5-CXCL9_Dangaj",-0.459568388935103,0.0760140195996489,-0.608553129670537,-0.31058364819967,1.48636108625955e-09,0,0.594821342266192,"Dicho","Pan","PFS"
"CD39-CD8Tcell_Chow",-0.390089571843826,0.0760115257288455,-0.539069424682302,-0.241109719005349,2.86711132749955e-07,0.136384718157326,0.314203252093315,"Dicho","Pan","PFS"
"CD8_Sade-Feldman",-0.212940870561463,0.0872838249271378,-0.384014023851553,-0.0418677172713739,0.0147020166861173,0.000503638150102101,0.442799034446446,"Dicho","Pan","PFS"
"Chemokine_Messina",-0.464769713399307,0.0844578333046963,-0.630304024888799,-0.299235401909815,3.7342615517664e-08,0,0.595448222543892,"Dicho","Pan","PFS"
"COX-IS_Bonavita",0.390416563105821,0.0759679206558779,0.241522174639904,0.539310951571738,2.75867606650255e-07,0.11604504104074,0.333673394840129,"Dicho","Pan","PFS"
"CRMA_Shukla",0.267522793705142,0.389574562213278,-0.496029317525842,1.03107490493612,0.492268655286758,0.733433102028681,0.023484761326008,"Dicho","Pan","PFS"
"CYT_Davoli",-0.415837160791599,0.0760471388193499,-0.564886814004843,-0.266787507578356,4.54757014914188e-08,0.275884826871598,0.181837838381362,"Dicho","Pan","PFS"
"CYT_Rooney",-0.38997154612068,0.0838089943292106,-0.554234156586454,-0.225708935654906,3.26983187905366e-06,0.136293293181705,0.314291028748686,"Dicho","Pan","PFS"
"EMT_Thompson",0.068829957557559,0.0973030925319251,-0.121880599389383,0.259540514504501,0.479332303557064,0.250688984258257,0.1976128988671,"Dicho","Pan","PFS"
"EMTstroma_Wang",-0.0072335389026319,0.0788773013500006,-0.161830208746346,0.147363130941082,0.926931457872655,0.1929743760658,0.254129586882824,"Dicho","Pan","PFS"
"IFN_Ayers",-0.444906084414251,0.0768187482051688,-0.595468064233833,-0.29434410459467,6.97048560094407e-09,0.348787569089408,0.111124105774988,"Dicho","Pan","PFS"
"ImmuneCells_Xiong",-0.0956053831490797,0.116948250588459,-0.324819742357425,0.133608976059266,0.413641829559321,0.470612224107661,0.0487039140322743,"Dicho","Pan","PFS"
"ImmuneScore_Roh",-0.484843392310754,0.0803042416794854,-0.642236813808346,-0.327449970813162,1.56441295374743e-09,0.230544905991766,0.223883796196003,"Dicho","Pan","PFS"
"ImmunoScore_Hao",-0.438218455149941,0.0761740814471488,-0.587516911341773,-0.288919998958108,8.77486785463653e-09,0,0.540381092434923,"Dicho","Pan","PFS"
"IMPRES_Auslander",0.302848480015153,0.075814206125351,0.154255366492969,0.451441593537337,6.47997701060977e-05,0.41266322153865,0.0737904921933021,"Dicho","Pan","PFS"
"IMS_Cui",-0.0592467768874337,0.0982812240462861,-0.251874436374666,0.133380882599799,0.546622419415953,0.284315449692824,0.174243409574363,"Dicho","Pan","PFS"
"Inflammatory_Thompson",-0.480290022082168,0.0764185058792825,-0.630067541357924,-0.330512502806412,3.27861627940224e-10,0.112170856120014,0.337366248262568,"Dicho","Pan","PFS"
"IPRES_Hugo",-0.0182520881820769,0.0798720382691926,-0.174798406561499,0.138294230197346,0.819244637361478,0,0.476477113451925,"Dicho","Pan","PFS"
"IPS_Charoentong",-0.145916331391659,0.0864908007903826,-0.315435185934837,0.0236025231515197,0.0915892345812189,0.0814979388963166,0.365448345286579,"Dicho","Pan","PFS"
"IPSOV_Shen",-0.276924529142421,0.072833916383308,-0.419676382106706,-0.134172676178136,0.000143453353899483,0,0.91337303975039,"Dicho","Pan","PFS"
"IRG_Ayers",-0.449982350918043,0.0759923123857385,-0.598924546296007,-0.301040155540078,3.19174774637985e-09,0,0.529978416998609,"Dicho","Pan","PFS"
"IRG_Yang",-0.073403983245613,0.118415469404807,-0.305494038491439,0.158686072000213,0.535333446381393,0,0.67966023865251,"Dicho","Pan","PFS"
"KDM5A_Wang",-0.0885838570425423,0.0790370978398724,-0.243493722251261,0.0663260081661761,0.262377971990848,0,0.464512083474901,"Dicho","Pan","PFS"
"M1_Hwang",-0.404507272033883,0.0756442828144936,-0.552767341986653,-0.256247202081114,8.91808648294114e-08,0,0.941929827837704,"Dicho","Pan","PFS"
"Macrophage_Danaher",-0.22189444936842,0.098770972315969,-0.415481997825722,-0.0283069009111179,0.0246684629027502,0.0162664578933794,0.426108014892301,"Dicho","Pan","PFS"
"MHC-I_Liu",-0.36424775064937,0.0923608012845889,-0.545271594750425,-0.183223906548315,8.02178609477713e-05,0.284555438096036,0.165962389953428,"Dicho","Pan","PFS"
"MHC-II_Liu",-0.337549870731321,0.0824874083362096,-0.49922222024834,-0.175877521214301,4.27413874333215e-05,0,0.517902124776859,"Dicho","Pan","PFS"
"MPS_Guijarro",-0.085596894731158,0.118380057630922,-0.31761754417554,0.146423754713224,0.469637779898134,0,0.620886555610449,"Dicho","Pan","PFS"
"Myeloid-DC_Helmink",-0.303867552119271,0.0766533503829032,-0.454105358164091,-0.153629746074451,7.36491760305266e-05,0,0.466574785767464,"Dicho","Pan","PFS"
"NonResponse_Chen",0.0460324424879098,0.0880398193830731,-0.126522432708325,0.218587317684145,0.601072136508448,0.0642500660418457,0.382316594249171,"Dicho","Pan","PFS"
"PassON_Du",-0.369342235766356,0.0753727316642682,-0.517070075244723,-0.221614396287989,9.57341272374893e-07,0,0.525943843414499,"Dicho","Pan","PFS"
"PDL1_Nishino",-0.375961110535881,0.0774096390165951,-0.527681215064653,-0.224241006007108,1.19313730429733e-06,0.0213374005802072,0.421577963751019,"Dicho","Pan","PFS"
"peri-Tcell_Hwang",-0.390143219698822,0.0733645446060872,-0.533935084868935,-0.246351354528709,1.04988179343271e-07,0.203777062878112,0.243386942030258,"Dicho","Pan","PFS"
"proliferation_Pabla",0.0107093876046049,0.101039794478507,-0.187324970578597,0.208743745787807,0.915588874552914,0.275212549050906,0.174542395203975,"Dicho","Pan","PFS"
"PTEN-MITF_Cabrita",-0.115154628029744,0.0874806932813703,-0.286613636203825,0.0563043801443368,0.188058830243977,0.190867615168838,0.256230359976582,"Dicho","Pan","PFS"
"Response_Chen",-0.413440366474071,0.0757624461235874,-0.561932032256958,-0.264948700691183,4.84077338286096e-08,0,0.569608949035077,"Dicho","Pan","PFS"
"SpatialSignature_Marret",-0.238382556072434,0.112148088971029,-0.458188771390645,-0.0185763407542235,0.0335361500038018,0.389812327503792,0.0809506832627742,"Dicho","Pan","PFS"
"STAT1_Care",-0.480510265894157,0.0761386993358712,-0.629739374422188,-0.331281157366126,2.77263270187728e-10,0.216129508977512,0.237565102037906,"Dicho","Pan","PFS"
"Tcell-exclusion_Arnon",0.0108254198223513,0.0726079603340476,-0.131483567423295,0.153134407067997,0.881479366992165,0,0.824429114408803,"Dicho","Pan","PFS"
"Teff-IFNG_Fehrenbacher",-0.432090558667177,0.0992198530283313,-0.626557897154064,-0.237623220180291,1.33139801459235e-05,0.297619160359745,0.162440607885084,"Dicho","Pan","PFS"
"Teff_McDermott",-0.429160756719745,0.0763682051504255,-0.578839688378545,-0.279481825060945,1.91371191194836e-08,0.204701295992115,0.248480885228515,"Dicho","Pan","PFS"
"TGFB_Mariathasan",0.0943312684587905,0.0727974608611597,-0.0483491329950466,0.237011669912628,0.195042889533891,0.253329718255113,0.195094327860564,"Dicho","Pan","PFS"
"TIS_Damotte",-0.456219849476352,0.0763060131828393,-0.605776887118556,-0.306662811834149,2.24760974279584e-09,0.275156587879115,0.182497725513385,"Dicho","Pan","PFS"
"TLS_Cabrita",-0.180841255697877,0.109485070932337,-0.39542805157007,0.0337455401743164,0.0985868482106483,0,0.456509143204425,"Dicho","Pan","PFS"
"TUMOR-VASCULATURE-UP_Lu",-0.00651446994072871,0.10396101002075,-0.210274305377807,0.197245365496349,0.950035158617199,0.386069714947934,0.0835184516593508,"Dicho","Pan","PFS"
"VIGex_Hernando-Calvo",-0.42270972301027,0.0759037499988562,-0.57147833929956,-0.27394110672098,2.56171799144232e-08,0,0.586281885748658,"Dicho","Pan","PFS"
